{
	"IcoMoonType": "selection",
	"icons": [
		{
			"icon": {
				"paths": [
					"M954.857 323.429q0 22.857-16 38.857l-491.429 491.429q-16 16-38.857 16t-38.857-16l-284.571-284.571q-16-16-16-38.857t16-38.857l77.714-77.714q16-16 38.857-16t38.857 16l168 168.571 374.857-375.429q16-16 38.857-16t38.857 16l77.714 77.714q16 16 16 38.857z"
				],
				"width": 1024.0000610351562,
				"attrs": [],
				"isMulticolor": false,
				"tags": [
					"check"
				],
				"defaultCode": 61452,
				"grid": 14
			},
			"attrs": [],
			"properties": {
				"id": 12,
				"order": 1,
				"name": "check",
				"prevSize": 28,
				"code": 61452
			},
			"setIdx": 0,
			"setId": 4,
			"iconIdx": 12
		},
		{
			"icon": {
				"paths": [
					"M741.714 755.429q0 22.857-16 38.857l-77.714 77.714q-16 16-38.857 16t-38.857-16l-168-168-168 168q-16 16-38.857 16t-38.857-16l-77.714-77.714q-16-16-16-38.857t16-38.857l168-168-168-168q-16-16-16-38.857t16-38.857l77.714-77.714q16-16 38.857-16t38.857 16l168 168 168-168q16-16 38.857-16t38.857 16l77.714 77.714q16 16 16 38.857t-16 38.857l-168 168 168 168q16 16 16 38.857z"
				],
				"width": 804.5720672607422,
				"attrs": [],
				"isMulticolor": false,
				"tags": [
					"close",
					"remove",
					"times"
				],
				"defaultCode": 61453,
				"grid": 14
			},
			"attrs": [],
			"properties": {
				"id": 13,
				"order": 2,
				"name": "cross",
				"prevSize": 28,
				"code": 61453
			},
			"setIdx": 0,
			"setId": 4,
			"iconIdx": 13
		},
		{
			"icon": {
				"paths": [
					"M804.571 531.429v181.714q0 68-48.286 116.286t-116.286 48.286h-475.429q-68 0-116.286-48.286t-48.286-116.286v-475.429q0-68 48.286-116.286t116.286-48.286h475.429q36 0 66.857 14.286 8.571 4 10.286 13.143 1.714 9.714-5.143 16.571l-28 28q-5.714 5.714-13.143 5.714-1.714 0-5.143-1.143-13.143-3.429-25.714-3.429h-475.429q-37.714 0-64.571 26.857t-26.857 64.571v475.429q0 37.714 26.857 64.571t64.571 26.857h475.429q37.714 0 64.571-26.857t26.857-64.571v-145.143q0-7.429 5.143-12.571l36.571-36.571q5.714-5.714 13.143-5.714 3.429 0 6.857 1.714 11.429 4.571 11.429 16.571zM936.571 252l-465.143 465.143q-13.714 13.714-32.571 13.714t-32.571-13.714l-245.714-245.714q-13.714-13.714-13.714-32.571t13.714-32.571l62.857-62.857q13.714-13.714 32.571-13.714t32.571 13.714l150.286 150.286 369.714-369.714q13.714-13.714 32.571-13.714t32.571 13.714l62.857 62.857q13.714 13.714 13.714 32.571t-13.714 32.571z"
				],
				"width": 950.2818934121169,
				"attrs": [],
				"isMulticolor": false,
				"tags": [
					"check-square-o"
				],
				"defaultCode": 61510,
				"grid": 14
			},
			"attrs": [],
			"properties": {
				"id": 66,
				"order": 6,
				"name": "check-square",
				"prevSize": 28,
				"code": 61510
			},
			"setIdx": 0,
			"setId": 4,
			"iconIdx": 66
		},
		{
			"icon": {
				"paths": [
					"M640 146.286h-475.429q-37.714 0-64.571 26.857t-26.857 64.571v475.429q0 37.714 26.857 64.571t64.571 26.857h475.429q37.714 0 64.571-26.857t26.857-64.571v-475.429q0-37.714-26.857-64.571t-64.571-26.857zM804.571 237.714v475.429q0 68-48.286 116.286t-116.286 48.286h-475.429q-68 0-116.286-48.286t-48.286-116.286v-475.429q0-68 48.286-116.286t116.286-48.286h475.429q68 0 116.286 48.286t48.286 116.286z"
				],
				"width": 804.5689417519607,
				"attrs": [],
				"isMulticolor": false,
				"tags": [
					"square-o"
				],
				"defaultCode": 61590,
				"grid": 14
			},
			"attrs": [],
			"properties": {
				"id": 141,
				"order": 5,
				"name": "square",
				"prevSize": 28,
				"code": 61590
			},
			"setIdx": 0,
			"setId": 4,
			"iconIdx": 141
		},
		{
			"icon": {
				"paths": [
					"M548 6.857v150.857h-89.714q-49.143 0-66.286 20.571t-17.143 61.714v108h167.429l-22.286 169.143h-145.143v433.714h-174.857v-433.714h-145.714v-169.143h145.714v-124.571q0-106.286 59.429-164.857t158.286-58.571q84 0 130.286 6.857z"
				],
				"width": 602.2870178222656,
				"attrs": [],
				"isMulticolor": false,
				"tags": [
					"facebook",
					"facebook-f"
				],
				"defaultCode": 61594,
				"grid": 14
			},
			"attrs": [],
			"properties": {
				"id": 145,
				"order": 3,
				"name": "fb",
				"prevSize": 28,
				"code": 61594
			},
			"setIdx": 0,
			"setId": 4,
			"iconIdx": 145
		},
		{
			"icon": {
				"paths": [
					"M804.571 73.143q0 149.143-60.857 263.714t-152.286 175.143q91.429 60.571 152.286 175.143t60.857 263.714h54.857q8 0 13.143 5.143t5.143 13.143v36.571q0 8-5.143 13.143t-13.143 5.143h-841.143q-8 0-13.143-5.143t-5.143-13.143v-36.571q0-8 5.143-13.143t13.143-5.143h54.857q0-149.143 60.857-263.714t152.286-175.143q-91.429-60.571-152.286-175.143t-60.857-263.714h-54.857q-8 0-13.143-5.143t-5.143-13.143v-36.571q0-8 5.143-13.143t13.143-5.143h841.143q8 0 13.143 5.143t5.143 13.143v36.571q0 8-5.143 13.143t-13.143 5.143h-54.857zM499.429 477.714q44-16.571 85.143-52.857t74-87.143 52.857-120 20-144.571h-585.143q0 75.429 20 144.571t52.857 120 74 87.143 85.143 52.857q10.857 4 17.429 13.429t6.571 20.857-6.571 20.857-17.429 13.429q-44 16.571-85.143 52.857t-74 87.143-52.857 120-20 144.571h585.143q0-75.429-20-144.571t-52.857-120-74-87.143-85.143-52.857q-10.857-4-17.429-13.429t-6.571-20.857 6.571-20.857 17.429-13.429z"
				],
				"width": 877.7130346298218,
				"attrs": [],
				"isMulticolor": false,
				"tags": [
					"hourglass-o"
				],
				"defaultCode": 62032,
				"grid": 14
			},
			"attrs": [],
			"properties": {
				"id": 539,
				"order": 4,
				"name": "hourglass",
				"prevSize": 28,
				"code": 62032
			},
			"setIdx": 0,
			"setId": 4,
			"iconIdx": 539
		}
	],
	"height": 1024,
	"metadata": {
		"name": "icomoon"
	},
	"preferences": {
		"showGlyphs": true,
		"showQuickUse": true,
		"showQuickUse2": true,
		"showSVGs": true,
		"fontPref": {
			"prefix": "agency-icon-",
			"metadata": {
				"fontFamily": "icomoon",
				"majorVersion": 1,
				"minorVersion": 0
			},
			"metrics": {
				"emSize": 1024,
				"baseline": 6.25,
				"whitespace": 50
			},
			"resetPoint": 33,
			"showSelector": true,
			"showMetrics": true,
			"showMetadata": true,
			"showVersion": true,
			"cssVars": true,
			"cssVarsFormat": "less",
			"includeMetadata": false,
			"embed": false
		},
		"imagePref": {
			"prefix": "icon-",
			"png": true,
			"useClassSelector": true,
			"color": 4473924,
			"bgColor": 16777215
		},
		"historySize": 100,
		"showCodes": false
	}
}